{
  "skill": "vanilla",
  "fixture": "pivot-saas",
  "runs": 3,
  "detection_median": 0.47619047619047616,
  "detection_all": [
    0.47619047619047616,
    0.47619047619047616,
    0.5714285714285714
  ],
  "trap_avoidance_median": 1,
  "trap_avoidance_all": [
    1,
    1,
    0.7272727272727273
  ]
}