{
  "skill": "lionkiii-claude-seo-skills",
  "fixture": "pivot-saas",
  "runs": 3,
  "detection_median": 0.7142857142857143,
  "detection_all": [
    0.8571428571428571,
    0.7142857142857143,
    0.6190476190476191
  ],
  "trap_avoidance_median": 0.7272727272727273,
  "trap_avoidance_all": [
    1,
    0.7272727272727273,
    0.7272727272727273
  ]
}