{
  "skill": "seoagent",
  "fixture": "pivot-saas",
  "runs": 3,
  "detection_median": 0.8095238095238095,
  "detection_all": [
    0.8095238095238095,
    0.8095238095238095,
    0.9047619047619048
  ],
  "trap_avoidance_median": 0.4545454545454546,
  "trap_avoidance_all": [
    0.4545454545454546,
    0.4545454545454546,
    0.4545454545454546
  ]
}