{
  "skill": "seoagent",
  "fixture": "pivot-saas",
  "runs": 3,
  "detection_median": 0.8095238095238095,
  "detection_all": [
    0.8095238095238095,
    0.8095238095238095,
    0.8095238095238095
  ],
  "trap_avoidance_median": 1,
  "trap_avoidance_all": [
    1,
    0.6363636363636364,
    1
  ]
}