{
  "skill": "lhitches-claude-seo-skills",
  "fixture": "pivot-saas",
  "runs": 3,
  "detection_median": 0.47619047619047616,
  "detection_all": [
    0.7142857142857143,
    0.47619047619047616,
    0.38095238095238093
  ],
  "trap_avoidance_median": 0.7272727272727273,
  "trap_avoidance_all": [
    0.7272727272727273,
    1,
    0.7272727272727273
  ]
}