{
  "skill": "seoagent",
  "fixture": "pivot-saas",
  "runs": 3,
  "detection_median": 0.5238095238095238,
  "detection_all": [
    0.5714285714285714,
    0,
    0.5238095238095238
  ],
  "trap_avoidance_median": 1,
  "trap_avoidance_all": [
    0.6363636363636364,
    1,
    1
  ]
}