{
  "skill": "seoagent",
  "fixture": "pivot-saas",
  "runs": 3,
  "detection_median": 0.5714285714285714,
  "detection_all": [
    0.5238095238095238,
    0.5714285714285714,
    0.6190476190476191
  ],
  "trap_avoidance_median": 0.7272727272727273,
  "trap_avoidance_all": [
    1,
    0.7272727272727273,
    0.7272727272727273
  ]
}