{
  "skill": "seoagent",
  "fixture": "pivot-saas",
  "runs": 3,
  "detection_median": 0.38095238095238093,
  "detection_all": [
    0.38095238095238093,
    0.38095238095238093,
    0.5238095238095238
  ],
  "trap_avoidance_median": 1,
  "trap_avoidance_all": [
    1,
    1,
    0.7272727272727273
  ]
}