{
  "skill": "distribb-skill",
  "fixture": "pivot-saas",
  "runs": 3,
  "detection_median": 0.23809523809523808,
  "detection_all": [
    0.14285714285714285,
    0.6190476190476191,
    0.23809523809523808
  ],
  "trap_avoidance_median": 1,
  "trap_avoidance_all": [
    1,
    1,
    1
  ]
}