{
  "skill": "mango-claude-seo-skill",
  "fixture": "pivot-saas",
  "runs": 3,
  "detection_median": 0.42857142857142855,
  "detection_all": [
    0.23809523809523808,
    0.5714285714285714,
    0.42857142857142855
  ],
  "trap_avoidance_median": 1,
  "trap_avoidance_all": [
    0.7272727272727273,
    1,
    1
  ]
}