{
  "skill": "lhitches-claude-seo-skills",
  "fixture": "pivot-saas",
  "runs": 3,
  "detection_median": 0.5238095238095238,
  "detection_all": [
    0.8571428571428571,
    0.5238095238095238,
    0.5238095238095238
  ],
  "trap_avoidance_median": 1,
  "trap_avoidance_all": [
    0.7272727272727273,
    1,
    1
  ]
}