{
  "skill": "claude-seo",
  "fixture": "pivot-saas",
  "runs": 3,
  "detection_median": 0.3333333333333333,
  "detection_all": [
    0.9523809523809523,
    0.3333333333333333,
    0.2857142857142857
  ],
  "trap_avoidance_median": 1,
  "trap_avoidance_all": [
    1,
    0.7272727272727273,
    1
  ]
}