{
  "skill": "seoagent",
  "fixture": "pivot-saas",
  "runs": 3,
  "detection_median": 0.6190476190476191,
  "detection_all": [
    0.47619047619047616,
    0.6190476190476191,
    0.6190476190476191
  ],
  "trap_avoidance_median": 0.7272727272727273,
  "trap_avoidance_all": [
    0.7272727272727273,
    0.7272727272727273,
    0.5454545454545454
  ]
}