{
  "skill": "seoagent",
  "fixture": "pivot-saas",
  "runs": 3,
  "detection_median": 0.8095238095238095,
  "detection_all": [
    0.8095238095238095,
    0.7142857142857143,
    0.8095238095238095
  ],
  "trap_avoidance_median": 0.8181818181818181,
  "trap_avoidance_all": [
    0.8181818181818181,
    0.5454545454545454,
    0.8181818181818181
  ]
}