{
  "skill": "lionkiii-claude-seo-skills",
  "fixture": "pivot-saas",
  "runs": 3,
  "detection_median": 0.47619047619047616,
  "detection_all": [
    0.23809523809523808,
    0.47619047619047616,
    0.47619047619047616
  ],
  "trap_avoidance_median": 0.7272727272727273,
  "trap_avoidance_all": [
    0.7272727272727273,
    0.7272727272727273,
    0.7272727272727273
  ]
}