{
  "skill": "agentic-seo-skill",
  "fixture": "pivot-saas",
  "runs": 3,
  "detection_median": 0.6190476190476191,
  "detection_all": [
    0.7619047619047619,
    0.5714285714285714,
    0.6190476190476191
  ],
  "trap_avoidance_median": 0.7272727272727273,
  "trap_avoidance_all": [
    0.7272727272727273,
    0.7272727272727273,
    0.7272727272727273
  ]
}