{
  "skill": "seo-geo-claude-skills",
  "fixture": "pivot-saas",
  "runs": 3,
  "detection_median": 0.5714285714285714,
  "detection_all": [
    0.3333333333333333,
    0.5714285714285714,
    0.8571428571428571
  ],
  "trap_avoidance_median": 1,
  "trap_avoidance_all": [
    1,
    0.7272727272727273,
    1
  ]
}