{
  "skill": "seoagent",
  "fixture": "pivot-saas",
  "runs": 3,
  "detection_median": 0.38095238095238093,
  "detection_all": [
    0.38095238095238093,
    0,
    0.5714285714285714
  ],
  "trap_avoidance_median": 0.7272727272727273,
  "trap_avoidance_all": [
    0.7272727272727273,
    1,
    0.7272727272727273
  ]
}