{
  "skill": "agentic-seo-skill",
  "fixture": "pivot-saas",
  "runs": 3,
  "detection_median": 0.38095238095238093,
  "detection_all": [
    0.38095238095238093,
    0.23809523809523808,
    0.7619047619047619
  ],
  "trap_avoidance_median": 0.7272727272727273,
  "trap_avoidance_all": [
    0.7272727272727273,
    0.5454545454545454,
    1
  ]
}