{
  "skill": "mango-claude-seo-skill",
  "fixture": "pivot-saas",
  "runs": 3,
  "detection_median": 0.6666666666666666,
  "detection_all": [
    0.6666666666666666,
    0.7142857142857143,
    0.6190476190476191
  ],
  "trap_avoidance_median": 0.7272727272727273,
  "trap_avoidance_all": [
    0.7272727272727273,
    0.7272727272727273,
    0.7272727272727273
  ]
}