{
  "skill": "claude-seo",
  "fixture": "pivot-saas",
  "runs": 3,
  "detection_median": 0.38095238095238093,
  "detection_all": [
    0.38095238095238093,
    0.23809523809523808,
    0.6666666666666666
  ],
  "trap_avoidance_median": 1,
  "trap_avoidance_all": [
    1,
    1,
    0.7272727272727273
  ]
}